sector,year_month,avg_close,total_volume,avg_return,num_companies
Automobile,2020-01,279.5119804382324,10828730,-0.07245501265749102,4
Automobile,2020-02,263.30346853521803,8745065,-0.3287853560671647,4
Automobile,2020-03,228.8727227124301,9165903,-1.5080912629926801,4
Automobile,2020-04,204.93144335691957,14547792,0.7204567102686861,4
Automobile,2020-05,241.45627391769224,32481549,0.5241168872802849,4
Automobile,2020-06,239.02432446046308,58290533,0.07993933547894874,4
Automobile,2020-07,297.67896237216155,89744787,1.1498476320116613,4
Automobile,2020-08,335.3143421354748,69650726,0.31458801406651227,4
Automobile,2020-09,333.1549025787704,35529208,-0.2796086577782513,4
Automobile,2020-10,315.0428687875921,40714024,0.2939589777816975,4
Automobile,2020-11,311.05694212396463,29385295,-0.0029965903148862034,4
Automobile,2020-12,327.70618648319453,71695788,0.5999945209601583,4
Automobile,2021-01,333.1391943024426,34279916,-0.014016167155388627,4
Automobile,2021-02,340.18967862672446,62111405,0.31548728389745867,4
Automobile,2021-03,330.1708904763927,40385310,0.26752995533989044,4
Automobile,2021-04,346.19358623986955,23759023,-0.4827785408814953,4
Automobile,2021-05,344.8643532258919,16801754,0.5126246603135703,4
Automobile,2021-06,389.1991266770796,34560094,0.22444301455110283,4
Automobile,2021-07,386.66655266421964,17247399,-0.10046964234661966,4
Automobile,2021-08,395.88946264440364,10702654,0.10834962437886757,4
Automobile,2021-09,370.90769940957256,13657830,-0.6302722826278218,4
Automobile,2021-10,339.2962704613095,13172577,0.09152906094915617,4
Automobile,2021-11,364.25113695517354,17547724,-0.060541881197020773,4
Automobile,2021-12,360.7604733142224,14274599,-0.04195015875142382,4
Automobile,2022-01,369.5099976321301,7685377,-0.014320103921022452,4
Automobile,2022-02,388.94131006168413,8819683,0.17542103552855262,4
Automobile,2022-03,380.2654838562012,8067791,-0.05063073234232249,4
Automobile,2022-04,400.338798247188,7439040,0.05280422792725752,4
Automobile,2022-05,394.0506487440789,9894922,-0.12429739866974704,4
Automobile,2022-06,378.76395924886066,11493692,-0.009177409532024556,4
Automobile,2022-07,363.9646894156215,7426947,-0.5904200183212485,4
Automobile,2022-08,346.3236750312473,10050775,0.253104941781482,4
Automobile,2022-09,328.84510829530916,7512756,-0.12134027468145604,4
Automobile,2022-10,323.76168718792144,6181659,-0.4366849977781704,4
Automobile,2022-11,320.4202388894969,6470297,0.22805505863046732,4
Automobile,2022-12,308.4797609701924,14142874,-0.35791376643150113,4
Automobile,2023-01,290.6790994599808,7616839,-0.3716410533416321,4
Automobile,2023-02,281.8605749878702,15740360,0.18685634381897184,4
Automobile,2023-03,287.3520632204802,14657977,-0.2279759859575728,4
Automobile,2023-04,291.8554463446895,9103038,0.3010568284116503,4
Automobile,2023-05,296.4134808215466,6876368,-0.28391339239260666,4
Automobile,2023-06,303.6589853571749,8812324,0.27188826672404665,4
Automobile,2023-07,324.31820439717853,28966907,0.8186129740856707,4
Automobile,2023-08,329.9054721334706,25011398,-0.19649998809078262,4
Automobile,2023-09,329.67682385731894,19320170,0.5888015390928437,4
Automobile,2023-10,368.25242415341467,42626216,2.2350554144367667,4
Automobile,2023-11,497.03071383772226,68876458,1.1868707167597534,4
Automobile,2023-12,581.4853534009084,52257203,0.04932289938140264,4
Automobile,2024-01,629.6057915581597,50610263,0.46283602283849956,4
Automobile,2024-02,652.4357338434534,54301925,0.9584016020532172,4
Automobile,2024-03,713.2538873213756,41796839,0.18655749120784038,4
Automobile,2024-04,763.0559934728286,56653105,0.973043325775482,4
Automobile,2024-05,872.9361738725142,37054456,0.2924734421715178,3
Automobile,2024-06,914.9665252087163,26461183,0.13382254847365296,3
Automobile,2024-07,995.4287003226902,24402589,0.48166569744263316,3
Automobile,2024-08,1007.1860642206101,13858988,-0.17055546050861897,3
Automobile,2024-09,990.6663634285094,10977643,-0.07960026258516717,3
Automobile,2024-10,1016.6467152471128,15579293,0.24232259955127142,3
Automobile,2024-11,1123.0817449660528,17445588,0.23209336304649067,3
Automobile,2024-12,1175.324217781188,20605123,0.3778983832263984,3
Automobile,2025-01,1175.6209601803102,15942276,0.05578908794533645,3
Automobile,2025-02,1193.7294290107593,13196063,0.06804360234057438,3
Automobile,2025-03,1182.518551781064,4740586,-0.0805678865867421,3
Automobile,2025-04,1205.5296417236327,18158802,0.11715592446794337,3
Automobile,2025-05,1207.2582184322296,10545230,-0.06665174959435903,3
Automobile,2025-06,1131.3192032102554,5598193,-0.2070447483596858,3
Automobile,2025-07,1236.1432362432065,11119132,0.5266351444784261,3
Automobile,2025-08,1367.159248860677,8578629,0.5124879898835107,3
Automobile,2025-09,1449.7080096620502,7770960,0.058971275070021395,3
Automobile,2025-10,1483.1627728006115,7722909,-0.07288263807989058,3
Automobile,2025-11,1424.3569025675456,3552573,-0.04256488671844213,3
Automobile,2025-12,1391.5831853693182,5740951,-0.021242747406182504,3
Automobile,2026-01,1527.3283275257456,16974666,0.5815459324620883,3
Automobile,2026-02,1688.1449890136719,8739424,0.47320839107266544,3
Banking,2020-01,69.24851353963216,113130308,0.09536032538257205,6
Banking,2020-02,66.10615855852762,81233151,-0.20667332484565926,6
Banking,2020-03,53.40262082128814,156889260,-1.4512557005960318,6
Banking,2020-04,46.9923996925354,186127689,0.1881490574937086,6
Banking,2020-05,45.10644175514342,74140271,-0.30987022520127194,6
Banking,2020-06,46.86817638801806,146661270,0.4147689088165145,6
Banking,2020-07,50.17797889571259,210158694,0.6062734115162941,6
Banking,2020-08,55.51501751702929,186656261,0.1618249811733364,6
Banking,2020-09,56.72287865841027,123808805,-0.08094806860480976,6
Banking,2020-10,56.047858339367494,130778689,-0.08489287399947688,6
Banking,2020-11,56.100829109313,128309016,0.3488806805107104,6
Banking,2020-12,59.14379229061846,216175371,0.18592076097475477,6
Banking,2021-01,63.27159389616951,263277933,0.2383693510227724,6
Banking,2021-02,60.56634836196899,177839332,-0.3477646754433742,6
Banking,2021-03,58.64542455949645,144985807,-0.03487183578315413,6
Banking,2021-04,58.15881862784877,106932873,-0.03091095635076809,6
Banking,2021-05,59.92970085900927,118584868,0.35670338442534716,6
Banking,2021-06,61.28019298206676,122657108,-0.1190737506873035,6
Banking,2021-07,61.06619770599134,132845271,0.1110515307525022,6
Banking,2021-08,63.81311830607328,95961725,0.16161700805031684,6
Banking,2021-09,63.01001711325212,207332995,-0.08704755164784864,6
Banking,2021-10,65.33017625505963,185521789,0.5309415052606765,6
Banking,2021-11,69.029970183517,271510506,0.030535731227688722,6
Banking,2021-12,67.25699007338372,123866839,-0.09568767337513803,6
Banking,2022-01,69.32788219149151,94926847,0.2580860129323445,6
Banking,2022-02,70.30384861628214,79672541,-0.056321504783101155,6
Banking,2022-03,67.8347709628119,97250703,-0.05698781143414706,6
Banking,2022-04,69.1660615224687,98423549,0.11145134513991971,6
Banking,2022-05,66.32287018226855,98386742,-0.29578576042587035,6
Banking,2022-06,60.806624658180006,103363399,-0.43109576809433775,6
Banking,2022-07,57.934804477388894,50356031,-0.028517725544044727,6
Banking,2022-08,61.55533833434616,149113886,0.3395687908828634,6
Banking,2022-09,60.02460580883604,63172031,-0.3228488368765064,6
Banking,2022-10,56.60683059692383,84511448,-0.0340168647634732,6
Banking,2022-11,57.4798402930751,102743908,0.05571595654738965,6
Banking,2022-12,55.55923652648926,318313643,-0.19985688795446124,6
Banking,2023-01,53.057950698968135,109552258,0.07519093574327754,6
Banking,2023-02,55.646742486953734,117612099,0.13565325362025563,6
Banking,2023-03,57.802096546560094,141063431,0.08297334008392539,6
Banking,2023-04,58.448903512954715,95533674,0.24551535764705248,6
Banking,2023-05,61.69014388927515,192528562,0.003810468552998321,6
Banking,2023-06,59.48878291158965,106238964,0.03595606998202963,6
Banking,2023-07,70.8990527107602,292490874,1.3255131725872487,6
Banking,2023-08,80.01097557510155,289764376,-0.1259158678879728,6
Banking,2023-09,76.3898858872671,190990466,-0.04428857172678849,6
Banking,2023-10,81.41234840046276,154981000,0.502613045679836,6
Banking,2023-11,91.01574954119596,269543117,0.6852468146537575,6
Banking,2023-12,102.11648323422386,200395556,0.10787330212524619,6
Banking,2024-01,102.98729838495669,144887875,0.10701177680770843,6
Banking,2024-02,105.98169326782227,128127820,0.4155143283769025,6
Banking,2024-03,112.73792343139648,152828386,0.16207884894725513,6
Banking,2024-04,122.98364759374547,224215809,0.47934254185354797,6
Banking,2024-05,130.7845055840232,158032859,0.3386561489051731,6
Banking,2024-06,139.9748908398198,151210519,0.517761391163805,6
Banking,2024-07,150.77421177297398,156320322,0.07387077900909357,6
Banking,2024-08,148.06696322607615,72657674,-0.13202647861849545,6
Banking,2024-09,149.4828073108007,121311480,0.284747289521638,6
Banking,2024-10,163.87500898388848,148725641,0.3026168402768078,6
Banking,2024-11,174.00307092212495,245780365,0.7991916266260946,6
Banking,2024-12,189.7479059128534,250045132,0.17263237906858164,6
Banking,2025-01,198.89714691604394,123123666,0.07656434901535966,6
Banking,2025-02,198.3210763094718,85629988,-0.21003086849621774,6
Banking,2025-03,198.0741434248667,66192599,0.1009420102909263,6
Banking,2025-04,214.71335964202882,320353266,0.6002214519885913,6
Banking,2025-05,227.3004885095311,156084123,0.33186451518929105,6
Banking,2025-06,219.05203864687965,147014607,0.8380505093295445,6
Banking,2025-07,245.92387887705928,313623763,0.8572738963520283,6
Banking,2025-08,270.0197818120321,277085657,0.4708146355621859,6
Banking,2025-09,272.141944769657,145289948,0.2166962299781668,6
Banking,2025-10,296.4059698132501,226172094,0.23442851959588493,6
Banking,2025-11,286.94958305358887,91660771,-0.05561472940723418,6
Banking,2025-12,300.14242501692337,164996214,0.20280513612862697,6
Banking,2026-01,342.73916695334697,228361143,0.4824208505228846,6
Banking,2026-02,344.19479036331177,66880037,-0.19504116913910452,6
Cement,2020-01,95.11035501586724,624493807,0.09115426131228904,7
Cement,2020-02,92.84154716219221,404844024,-0.20942206966047183,7
Cement,2020-03,90.28056465495716,1074848801,-0.460198644007018,7
Cement,2020-04,92.07101813229647,1159283662,1.6740151644497343,7
Cement,2020-05,99.84602508739549,486464923,-0.12479308889068733,7
Cement,2020-06,100.1792987910184,378497761,0.10284968285399738,7
Cement,2020-07,117.14277786053486,959584784,0.9352861042243271,7
Cement,2020-08,136.14558102484463,897772343,0.5000316218885623,7
Cement,2020-09,144.4764978637943,700254351,-0.20581484049691462,7
Cement,2020-10,143.37043433684806,781655157,0.318810179844642,7
Cement,2020-11,144.61302956431902,416819902,-0.09396674191071591,7
Cement,2020-12,149.6814406791829,632648476,0.41535420735907397,7
Cement,2021-01,155.63531799056904,563737197,0.45986273695159124,7
Cement,2021-02,178.25628448554448,758559240,0.4911857540276874,7
Cement,2021-03,182.915080342974,512120920,-0.17333172811696895,7
Cement,2021-04,182.9835306638247,280029756,-0.11732222606042478,7
Cement,2021-05,188.90758260739904,308687028,0.8063182791135497,7
Cement,2021-06,197.02130603790283,561625446,-0.07617647884829855,7
Cement,2021-07,190.59879330226354,195004834,-0.30545225048086067,7
Cement,2021-08,182.42486064465015,234015828,0.003743220517690754,7
Cement,2021-09,161.86490708512144,310882174,-0.9630150294416449,7
Cement,2021-10,144.3654469989595,308427386,0.4515069149583164,7
Cement,2021-11,156.22610305810903,386390734,-0.3401324624104577,7
Cement,2021-12,140.59636713110882,306857394,0.04401943954989618,7
Cement,2022-01,145.10149807183922,142074922,-0.16520796197388804,7
Cement,2022-02,142.29322436196463,187532430,-0.2922884183404259,7
Cement,2022-03,127.39327456195902,287196101,0.17375655606181853,7
Cement,2022-04,128.04706231590842,486222049,-0.5055249798324805,7
Cement,2022-05,109.72515823005082,312348049,-0.5804679059307283,7
Cement,2022-06,98.20863809523644,329774475,-0.1391894421849552,7
Cement,2022-07,92.7943227372202,131651769,-0.6067223141736349,7
Cement,2022-08,103.20879810641271,376243669,0.9013743671721423,7
Cement,2022-09,108.84628932816642,377954905,0.009572166261695941,7
Cement,2022-10,111.22921298474682,312804025,-0.018526120599323223,7
Cement,2022-11,107.89825028568119,171951810,-0.13495981412368038,7
Cement,2022-12,95.26855105858344,196055841,-0.5125536710163532,7
Cement,2023-01,88.46700429606747,277043990,-0.24736684564751774,7
Cement,2023-02,90.3543611730848,310329957,0.24252262504541783,7
Cement,2023-03,93.08963518853513,397051838,0.2844963943873095,7
Cement,2023-04,92.31439573764801,114065390,0.12528655220067741,7
Cement,2023-05,104.67335877803542,355624002,0.4176366419639144,7
Cement,2023-06,112.6668895653316,168934614,-0.036668920967495584,7
Cement,2023-07,123.63446570740265,324606892,0.4900110811762487,7
Cement,2023-08,127.71411761289798,288593136,-0.6208248983403288,7
Cement,2023-09,116.93030342115026,205319726,0.28319923060179014,7
Cement,2023-10,128.72627022049645,448239203,0.7628673862677601,7
Cement,2023-11,152.83976839424727,727178829,0.8003666765409898,7
Cement,2023-12,168.27648533607015,718345737,0.14658024535309908,7
Cement,2024-01,164.78596597280563,347566135,-0.25002198893030625,7
Cement,2024-02,157.1228916134153,196658528,0.24332112407026832,7
Cement,2024-03,162.92401047434126,181112895,-0.1705275751415655,7
Cement,2024-04,173.71032824591984,575358111,0.641248561401428,7
Cement,2024-05,188.04264107617465,746041850,0.4386304767806035,7
Cement,2024-06,194.2271432315602,486431953,0.03695405778423703,7
Cement,2024-07,196.4160171828655,359020038,-0.190088809466076,7
Cement,2024-08,184.75932738570128,433455237,0.2974557951369737,7
Cement,2024-09,189.54977504574524,457601455,0.4182317532524023,7
Cement,2024-10,202.2251616235105,808098096,0.8223782366276069,7
Cement,2024-11,234.2319537052492,695144975,0.5200719572462936,7
Cement,2024-12,259.6638226671284,939667960,0.38340317321033157,7
Cement,2025-01,250.70642833828185,982929957,-0.07631232290934886,7
Cement,2025-02,258.0772082249921,876541763,0.01817072395172065,7
Cement,2025-03,312.0620415745949,691064370,3.0377131941824276,7
Cement,2025-04,195.7232759339469,709252032,-0.5467283711395664,7
Cement,2025-05,157.08277996867693,767549130,1.0457142433256865,7
Cement,2025-06,166.39700810438922,627855515,0.20726585776315068,7
Cement,2025-07,171.67132208214042,425099719,-0.13688009632399775,7
Cement,2025-08,188.74436111450194,641593080,0.9256033602812997,7
Cement,2025-09,218.73622485569544,665125131,0.3812928994767752,7
Cement,2025-10,210.1143581793175,375541624,-0.3413926599597268,7
Cement,2025-11,209.37878595079695,466256992,0.4996320371584667,7
Cement,2025-12,242.01422116663548,690055472,0.20440273614535756,7
Cement,2026-01,237.83727182660783,559986712,-0.11272275401924123,7
Cement,2026-02,226.37482057298934,95809961,-0.30695508417381717,7
Chemicals,2020-01,136.89707548721978,27192600,0.032690817860885193,2
Chemicals,2020-02,126.90053958892823,15035200,-0.6437813059884107,2
Chemicals,2020-03,107.59248343381014,27651567,-0.8971868345163703,2
Chemicals,2020-04,107.89178041978316,17435569,0.8511699283100033,2
Chemicals,2020-05,113.22346859886532,6581681,-0.196576796829322,2
Chemicals,2020-06,109.59937355735086,13404637,0.18273470408712023,2
Chemicals,2020-07,117.0525597282078,29021243,0.24107726808714394,2
Chemicals,2020-08,118.07090450468517,24655254,-0.1767940187254344,2
Chemicals,2020-09,119.07801749489524,21101086,0.086026652238773,2
Chemicals,2020-10,119.59342089566317,15522565,0.06599904557600979,2
Chemicals,2020-11,120.11820002964565,7717440,-0.08015825358403526,2
Chemicals,2020-12,122.2558182426121,12860013,0.1408992794681258,2
Chemicals,2021-01,126.40273066929409,10539557,0.1420969388535539,2
Chemicals,2021-02,123.38237476348877,11742322,-0.18618948091279647,2
Chemicals,2021-03,115.84292221069336,9752977,-0.3653706306568544,2
Chemicals,2021-04,117.93561484596945,20539718,0.24131733180344075,2
Chemicals,2021-05,121.20525432768322,6245214,0.308473083632067,2
Chemicals,2021-06,124.84505306590687,7910961,-0.10616133517338104,2
Chemicals,2021-07,122.44252170215954,4222694,-0.07040979850574139,2
Chemicals,2021-08,120.28181249445134,7743009,-0.08224959949271622,2
Chemicals,2021-09,115.6325631575151,6708233,-0.20584733005647501,2
Chemicals,2021-10,115.2934176127116,7269024,0.15353138215539316,2
Chemicals,2021-11,119.28783763538708,14000137,-0.02246914551183764,2
Chemicals,2021-12,114.27602585502292,5990075,-0.11990905552400295,2
Chemicals,2022-01,115.34352220807757,4601744,0.014844353943697996,2
Chemicals,2022-02,117.56565437316894,8164409,0.12045562664544347,2
Chemicals,2022-03,112.9773479959239,6310915,-0.08364929664606655,2
Chemicals,2022-04,120.02119282313755,13119681,0.31161779439422554,2
Chemicals,2022-05,118.8832520571622,6567449,-0.1426309455363943,2
Chemicals,2022-06,115.52479761297053,7668536,-0.13717763160835345,2
Chemicals,2022-07,111.58825065976097,4785603,-0.17514899190019806,2
Chemicals,2022-08,111.84087637196417,6292562,0.16493561543158264,2
Chemicals,2022-09,110.34972763061523,10951175,-0.06726481696609347,2
Chemicals,2022-10,113.58230881463913,7124745,0.28869206973900813,2
Chemicals,2022-11,123.72124880010432,14349951,0.40121746866558555,2
Chemicals,2022-12,128.7438517483798,17088090,-0.034100697306894336,2
Chemicals,2023-01,133.84131951765582,23711445,0.3879713445689051,2
Chemicals,2023-02,141.15574169158936,29988611,-0.057761882783514684,2
Chemicals,2023-03,137.6867262798807,42321668,-0.22693987466266108,2
Chemicals,2023-04,138.25709762573243,17972859,1.2332847572542216,2
Chemicals,2023-05,169.98706270300823,11563250,0.21567812819330195,2
Chemicals,2023-06,167.91348405317828,5503699,-0.27841346763634717,2
Chemicals,2023-07,164.24213209606353,11998062,-0.17629068548345106,2
Chemicals,2023-08,167.0611635291058,22704067,0.09942439576641782,2
Chemicals,2023-09,163.34719285510835,6063773,0.24856741294511175,2
Chemicals,2023-10,174.42627976157448,18534681,0.47847925352835896,2
Chemicals,2023-11,189.46213670210406,15740078,0.2601687712194618,2
Chemicals,2023-12,199.7143640064058,23094208,-0.24995011757999716,2
Chemicals,2024-01,199.28848250015923,22747875,0.29933628568119036,2
Chemicals,2024-02,200.53250160217286,8376761,0.09470107499071623,2
Chemicals,2024-03,221.31671085357667,15650104,0.8109531750847024,2
Chemicals,2024-04,241.70825152926975,12420666,0.14701196850318998,2
Chemicals,2024-05,242.8156616904519,12756922,0.16614797270975526,2
Chemicals,2024-06,234.2350706212661,6093588,0.026892760038091216,2
Chemicals,2024-07,236.60696046248725,8271780,-0.1855674814469876,2
Chemicals,2024-08,227.84246826171875,5912259,-0.06293795201911453,2
Chemicals,2024-09,224.94926016671317,8501177,-0.17630116758376632,2
Chemicals,2024-10,225.6038705577021,20934882,0.09835037756221501,2
Chemicals,2024-11,240.36497570219495,30024618,0.7086019280339021,2
Chemicals,2024-12,312.47666894821896,52532190,1.7950612748559245,2
Chemicals,2025-01,304.35125064849854,97948447,-0.2043786515283142,2
Chemicals,2025-02,202.53105083264802,37274348,-0.6337990087352363,1
Chemicals,2025-03,187.567141578311,43886358,-0.09999427243242642,1
Chemicals,2025-04,170.30749893188477,63902962,-0.8489161011887912,1
Chemicals,2025-05,171.2328571137928,54912491,0.7338567458365639,1
Chemicals,2025-06,178.9480946858724,40902274,0.04198242547032215,1
Chemicals,2025-07,198.4978259542714,85853669,0.6625582428708495,1
Chemicals,2025-08,214.1464988708496,42901372,0.020274432788092156,1
Chemicals,2025-09,238.69363542036578,63347949,0.9476237388239934,1
Chemicals,2025-10,239.64260930600375,32935248,-0.718304485593756,1
Chemicals,2025-11,217.8319999694824,31326317,0.042156782998175046,1
Chemicals,2025-12,222.74909071488813,58457214,0.39068329497006327,1
Chemicals,2026-01,258.99227281050247,80804033,0.4845504080292995,1
Chemicals,2026-02,279.82749938964844,35652009,1.5007691570025419,1
Fertilizer,2020-01,33.214586589647375,98153130,0.029627996067070752,2
Fertilizer,2020-02,32.53623015880585,40509251,-0.47570685956609743,2
Fertilizer,2020-03,29.089058247479525,50956536,-0.6240130078219646,2
Fertilizer,2020-04,30.5586567141793,55519538,0.9704392233742083,2
Fertilizer,2020-05,33.836976936885286,37341019,0.13735625768413312,2
Fertilizer,2020-06,33.48786132985895,34909887,-0.14958894373580767,2
Fertilizer,2020-07,35.34323684028957,125477879,0.4010115230283958,2
Fertilizer,2020-08,35.34242854799543,124483584,-0.062343977322768085,2
Fertilizer,2020-09,36.93194450031627,247387782,0.2791746563388368,2
Fertilizer,2020-10,36.02605093609203,161611579,0.3158304272808721,2
Fertilizer,2020-11,37.19488675253732,167088483,0.031335409907585446,2
Fertilizer,2020-12,38.547450148540996,238537131,0.6152654326956022,2
Fertilizer,2021-01,42.29820878165109,323497389,0.2124435615145235,2
Fertilizer,2021-02,41.549903583526614,127218290,-0.25117390009113755,2
Fertilizer,2021-03,41.140372359234355,201735320,0.22053226571173654,2
Fertilizer,2021-04,41.496403910896994,106307535,-0.18037841074409552,2
Fertilizer,2021-05,41.81468237014044,45959559,0.21074009992425222,2
Fertilizer,2021-06,42.692645593123004,120683520,0.029389977101969153,2
Fertilizer,2021-07,43.35249215906317,100161293,0.04261532572452576,2
Fertilizer,2021-08,42.25251540270719,35498076,-0.13157601896148607,2
Fertilizer,2021-09,41.316562002355404,62016464,-0.28057390475466043,2
Fertilizer,2021-10,39.4738697778611,74080204,0.25869923753541046,2
Fertilizer,2021-11,43.40460083701394,91446426,0.19819147481578173,2
Fertilizer,2021-12,41.30225293532662,42782853,-0.11716605332067463,2
Fertilizer,2022-01,43.55707727159773,45353874,0.024170493283366897,2
Fertilizer,2022-02,43.6621160030365,43155618,-0.017370160122278377,2
Fertilizer,2022-03,43.73821382937224,39235326,0.19552052476341003,2
Fertilizer,2022-04,48.66003699529739,42271438,0.2105726921430647,2
Fertilizer,2022-05,47.85005677830089,24529537,-0.12551607768809914,2
Fertilizer,2022-06,45.818454872478135,26925248,-0.28533651071596083,2
Fertilizer,2022-07,44.594271614438014,33640291,-0.10279593360713178,2
Fertilizer,2022-08,43.81754178586213,34999977,0.06998598805744378,2
Fertilizer,2022-09,42.92742039940574,20103412,-0.1893341759137849,2
Fertilizer,2022-10,42.752600034077965,18651330,-0.091246159778213,2
Fertilizer,2022-11,43.25315657528964,23381119,-0.10880136645463662,2
Fertilizer,2022-12,41.78768693317067,37362640,-0.3100829488793129,2
Fertilizer,2023-01,41.1269547289068,21356372,-0.16688037632442068,2
Fertilizer,2023-02,40.9546359539032,29266410,-0.27616856080404817,2
Fertilizer,2023-03,40.83171388377314,34090800,0.07531854312296479,2
Fertilizer,2023-04,41.019547247886656,18836128,0.07015271751900115,2
Fertilizer,2023-05,42.49595320743063,29296231,-0.173867821707936,2
Fertilizer,2023-06,41.771910884163596,27891814,0.062039463602672255,2
Fertilizer,2023-07,42.92964696884155,43356033,0.4412466459766274,2
Fertilizer,2023-08,43.04138401280279,60703772,-0.16945846581010027,2
Fertilizer,2023-09,41.81862199874151,24857579,0.11686081880286532,2
Fertilizer,2023-10,45.27121368321505,73997117,0.8356303706314248,2
Fertilizer,2023-11,51.23819403214888,239204902,0.9888903722033828,2
Fertilizer,2023-12,58.596724782671245,282300534,0.7363624622242133,2
Fertilizer,2024-01,60.15375290746274,210966973,-0.3488760236052184,2
Fertilizer,2024-02,56.637181758880615,76238308,0.15895754595978584,2
Fertilizer,2024-03,60.47731237411499,65617477,0.40188867244115406,2
Fertilizer,2024-04,71.29827319251166,206374675,1.2046380152860179,2
Fertilizer,2024-05,76.80668046257712,156155050,-0.13869517851487642,2
Fertilizer,2024-06,77.57645685532513,83489819,0.6321798644748103,2
Fertilizer,2024-07,91.31360717441724,336710275,0.6300325902141527,2
Fertilizer,2024-08,99.35432524908157,192368442,0.37674231924723206,2
Fertilizer,2024-09,108.93299275352841,200108521,0.7090966621716903,2
Fertilizer,2024-10,141.49826000047767,172650363,1.135414539785677,2
Fertilizer,2024-11,165.55253837222145,106788768,0.7576623063793448,2
Fertilizer,2024-12,209.6466462670303,137433971,0.736549798010967,2
Fertilizer,2025-01,344.94987952190894,90597377,0.3005016177888253,1
Fertilizer,2025-02,347.77191804584703,32203250,0.0841702842614212,1
Fertilizer,2025-03,350.6993945893787,24450587,-0.08348298054140131,1
Fertilizer,2025-04,334.38714599609375,33475354,-0.25422600988878613,1
Fertilizer,2025-05,342.4383980887277,39273353,0.3488866052615943,1
Fertilizer,2025-06,360.42123122442337,25578558,0.3193505507127561,1
Fertilizer,2025-07,416.93628858483356,54440978,0.6894431320603475,1
Fertilizer,2025-08,435.3534652709961,61692304,-0.10395081818129592,1
Fertilizer,2025-09,441.8243380459872,44870665,0.2762457562502702,1
Fertilizer,2025-10,468.7472826086956,55313090,0.24684487185231951,1
Fertilizer,2025-11,535.8254974365234,68900866,1.0309005368785924,1
Fertilizer,2025-12,581.6090892444957,64788777,0.044102784095134684,1
Fertilizer,2026-01,607.0609075372869,114318079,0.028972406637774825,1
Fertilizer,2026-02,581.2399978637695,17915829,-0.1653228689767,1
Food,2020-01,1308.1022038945055,304951502,-0.18369358060809884,5
Food,2020-02,1235.2144117042271,291170704,-0.34802307210522265,5
Food,2020-03,1133.7674977475947,273848471,-0.5594740230568965,5
Food,2020-04,979.0145762426043,274017191,0.5374920829136267,5
Food,2020-05,1069.5401724095527,244967854,0.2605078603924559,5
Food,2020-06,1069.1127803824165,318194061,-0.006342711090997391,5
Food,2020-07,1104.3942908717875,359938370,0.27963630155224173,5
Food,2020-08,1030.6514480840592,409643380,0.1931001354393037,5
Food,2020-09,1116.4401073783908,741208293,0.3598665497585776,5
Food,2020-10,1073.580265771259,883602737,0.267062412282804,5
Food,2020-11,1077.136358829645,565555225,0.061976046896321677,5
Food,2020-12,1127.5373665972759,578675990,0.4898818829908265,5
Food,2021-01,1127.0088239966087,436887904,0.21156941144055466,5
Food,2021-02,1062.5494362103818,277006885,-0.504753801374821,5
Food,2021-03,996.2266196292379,591737440,-0.11040854971593182,5
Food,2021-04,983.8627518863852,407308551,0.08386176472194881,5
Food,2021-05,968.272176870933,463332419,0.581734310579558,5
Food,2021-06,983.6407713261517,434795239,0.3846378556409492,5
Food,2021-07,1018.5121802190029,212775174,-0.11420796067562458,5
Food,2021-08,1005.6213326952674,207942464,0.04233767143819371,5
Food,2021-09,1038.6385492556685,225656116,-0.3637204072251699,5
Food,2021-10,1011.5263295196352,266872252,0.11640680659243931,5
Food,2021-11,1006.862616066539,169275210,-0.26333359335485845,5
Food,2021-12,962.9117624006773,185554740,0.058130951590672456,5
Food,2022-01,977.2128431567779,152861534,0.24973500241826704,5
Food,2022-02,993.2922523864592,125699079,-0.31503286387483886,5
Food,2022-03,969.7776093897612,117211134,0.16605213390104398,5
Food,2022-04,1013.6753410284335,129264060,-0.1832096094089392,5
Food,2022-05,1030.488454425007,140918061,-0.14870337274230674,5
Food,2022-06,1031.8937972488752,242962350,-0.12761925823088247,5
Food,2022-07,1045.5816657405633,125426389,-0.057752891137596955,5
Food,2022-08,1092.4027875941733,239096109,0.3970657904868072,5
Food,2022-09,1041.9471297220352,93701664,-0.32970419989029603,5
Food,2022-10,1064.5180890083313,114697401,0.00463325489055049,5
Food,2022-11,1066.904869241452,185516847,-0.06982817181648064,5
Food,2022-12,1022.6686400754736,74124356,-0.4293461590034855,5
Food,2023-01,1013.557867858145,66798145,-0.14770153566092836,5
Food,2023-02,985.3883572732559,28942710,-0.20029078798147248,5
Food,2023-03,952.8178082839303,63004169,-0.048945721345969966,5
Food,2023-04,977.136538028717,27228450,0.38496567336169524,5
Food,2023-05,1155.603400531568,54692275,0.1368756136686596,5
Food,2023-06,1241.0733792366239,102637068,0.09020517236797809,5
Food,2023-07,1273.3927298967656,216575099,0.9797150272007874,5
Food,2023-08,1362.2734744942707,125843943,-0.39089403234533915,5
Food,2023-09,1361.603296000224,47767135,0.17661812982742442,5
Food,2023-10,1375.1613214102658,101971424,0.31833320224903777,5
Food,2023-11,1562.332687071704,217120675,0.7421374467749999,5
Food,2023-12,1625.38891265484,280630685,-0.021548817870962036,5
Food,2024-01,1619.490757250153,105812802,-0.14257577072854818,5
Food,2024-02,1568.199033014702,107979005,0.15848547116422182,5
Food,2024-03,1490.6922328640717,125719192,0.014215754802038962,5
Food,2024-04,1566.4769313284692,169993640,1.2994499353901394,5
Food,2024-05,1434.0279274767095,118974897,0.10881713410675968,5
Food,2024-06,1389.115883883308,80035531,0.0397862407641491,5
Food,2024-07,1385.963691920565,111928874,-0.06482642294232269,5
Food,2024-08,1367.2455214000884,47051368,-0.03551956210916962,5
Food,2024-09,1389.7839060930105,33244285,-0.16967275942874688,5
Food,2024-10,1344.6315469078395,62730404,0.3825724287650654,5
Food,2024-11,1334.739038825035,108785444,0.31053813393051954,5
Food,2024-12,1443.6806235903784,143459560,0.5395669124537389,5
Food,2025-01,1519.993112887655,41422877,-0.21905722831607485,5
Food,2025-02,1486.5563214484682,43912817,0.22627991705818382,5
Food,2025-03,1479.235996573312,20903978,-0.027374531591919698,5
Food,2025-04,1446.2017492621835,64554013,0.11321461578485027,5
Food,2025-05,1445.2972568181845,70741053,0.23638035214997746,5
Food,2025-06,1449.322496175766,168308383,0.28979595631375077,5
Food,2025-07,1515.579828262329,141040832,0.16642319486110801,5
Food,2025-08,1782.6502523422241,269728987,0.5773739112275094,5
Food,2025-09,1778.7709694083678,158361340,0.13965759285825544,5
Food,2025-10,1729.7203467493473,243841049,-0.12855116382433662,5
Food,2025-11,1722.9100108098503,62263448,0.007399343566270684,5
Food,2025-12,1705.6432664177635,134039643,-0.01331743201036673,5
Food,2026-01,1732.7717678635208,127490264,-0.05416082974597585,5
Food,2026-02,1707.824242401123,26641864,-0.09038351164951776,5
Insurance,2020-01,26.69457767320716,15874500,-0.001112940734872407,1
Insurance,2020-02,25.23903512954712,5389000,-0.4863292187381346,1
Insurance,2020-03,20.735244837674227,7382000,-1.573597795458715,1
Insurance,2020-04,19.901696291836824,5426500,1.108538887376085,1
Insurance,2020-05,20.435303824288503,4565500,0.3111092864081611,1
Insurance,2020-06,20.985497041182086,7951000,-0.10479137080605407,1
Insurance,2020-07,23.287604953931726,19348500,0.9332354852866335,1
Insurance,2020-08,26.712806974138534,8761500,0.1977505722553666,1
Insurance,2020-09,27.153561505404387,8711000,-0.20953133340559618,1
Insurance,2020-10,26.3136888850819,4897000,-0.07030442262576653,1
Insurance,2020-11,24.453183128720237,4471000,-0.11073642797225622,1
Insurance,2020-12,25.27387179499087,9310000,0.277537036379084,1
Insurance,2021-01,29.25410252525693,22139000,0.7979414863232884,1
Insurance,2021-02,29.01174154281616,5424000,-0.5318295269135137,1
Insurance,2021-03,27.188398527062457,13191000,-0.21294107053224032,1
Insurance,2021-04,26.66996227611195,7334500,0.3185801828446451,1
Insurance,2021-05,26.88544545854841,4118000,-0.2819889222667119,1
Insurance,2021-06,27.50235548886386,10563500,0.40867463647296404,1
Insurance,2021-07,27.48047750646418,1013500,-0.1591600387552037,1
Insurance,2021-08,27.87458541176536,3373500,0.14759404181414798,1
Insurance,2021-09,26.660299474542793,4264000,-0.5311513342297882,1
Insurance,2021-10,24.89349601382301,6689000,0.5044495559929537,1
Insurance,2021-11,27.005999305031516,5153500,0.1334942633024966,1
Insurance,2021-12,27.284049241439156,2695000,0.04123032221848797,1
Insurance,2022-01,28.26951708112444,2810000,-0.03991008117547865,1
Insurance,2022-02,27.589077758789063,5186000,-0.21690111585161437,1
Insurance,2022-03,24.472432592640754,3040000,-0.4980846133987464,1
Insurance,2022-04,23.514123916625977,5099500,0.0001005028476912317,1
Insurance,2022-05,23.300772753628817,4091500,0.07779155283790504,1
Insurance,2022-06,22.8721961108121,5536000,-0.0940268481133458,1
Insurance,2022-07,23.26889910016741,577500,0.1347646840865926,1
Insurance,2022-08,23.726987672888715,1181000,-0.08762793868208545,1
Insurance,2022-09,23.277812004089355,3572500,0.054115405053929824,1
Insurance,2022-10,23.237248466128396,738000,-0.11021060041213483,1
Insurance,2022-11,22.366658557545055,1344000,-0.08257046877031296,1
Insurance,2022-12,21.962598627263848,2900000,-0.09568963073424343,1
Insurance,2023-01,22.216237328269266,969500,0.03793679216654249,1
Insurance,2023-02,23.259853172302247,526500,0.2141788828431795,1
Insurance,2023-03,21.36083652662194,1648500,-0.4496030153132225,1
Insurance,2023-04,19.692685699462892,3359000,-0.5247434765614334,1
Insurance,2023-05,18.482270448104195,2355000,0.020042305782256346,1
Insurance,2023-06,18.59227483922785,1059000,0.0479493541511409,1
Insurance,2023-07,20.47707612173898,15300500,1.2539576643189494,1
Insurance,2023-08,25.030644209488578,7820500,0.09712918655035017,1
Insurance,2023-09,25.411961328415643,2501500,0.08581363886118056,1
Insurance,2023-10,25.450692176818848,6593500,0.4470663446012884,1
Insurance,2023-11,29.287730303677645,13420000,0.4073276526578729,1
Insurance,2023-12,30.512750534784224,20651500,-0.01537211316857531,1
Insurance,2024-01,32.23567630933679,5758500,0.32999977172105965,1
Insurance,2024-02,31.159481048583984,9629000,-0.06394059402839491,1
Insurance,2024-03,31.17504472732544,13707500,-0.23235738310364465,1
Insurance,2024-04,31.809384240044487,18454500,0.5187050589065557,1
Insurance,2024-05,31.888163739984687,9040827,-0.09932030710564871,1
Insurance,2024-06,31.90129336188821,13961927,0.10379467097841223,1
Insurance,2024-07,33.06622140303902,28736588,0.0030432339548706103,1
Insurance,2024-08,31.778301420665922,11658224,-0.1903709087684563,1
Insurance,2024-09,31.84180514017741,4471672,-0.06018249008529367,1
Insurance,2024-10,32.96008060289466,13260087,0.8322124416758235,1
Insurance,2024-11,38.42435636974516,12725618,0.23878318042084393,1
Insurance,2024-12,46.66115424746559,41307855,1.0672838738773538,1
Insurance,2025-01,46.88447421530019,83275651,-0.12901197314642934,1
Insurance,2025-02,47.62482592934057,21428552,0.07096527008057256,1
Insurance,2025-03,44.3901234581357,6575372,-0.1810984307279831,1
Insurance,2025-04,41.42983341217041,20927117,-0.47983453559034217,1
Insurance,2025-05,44.71086592901321,18001093,0.7356457231629436,1
Insurance,2025-06,46.30129223778134,11398882,0.3567321280541068,1
Insurance,2025-07,63.575374603271484,53047246,1.4057455985912866,1
Insurance,2025-08,68.72046394348145,24291791,0.16645891633879084,1
Insurance,2025-09,71.00947085293856,20678077,0.2758824858640157,1
Insurance,2025-10,82.69000045112942,15812373,0.5806247678406264,1
Insurance,2025-11,77.74500007629395,3158251,-0.0869590399100928,1
Insurance,2025-12,79.37363641912287,15110142,0.1386682093219334,1
Insurance,2026-01,105.32500006935813,32129166,1.4230030028036682,1
Insurance,2026-02,104.83375072479248,4729287,-0.8540985434495523,1
Investment,2020-01,10.689069913781207,42151000,-0.10537125226861867,1
Investment,2020-02,9.629442405700683,14453000,-0.8041582134872156,1
Investment,2020-03,7.614219578829679,14252500,-1.0461338463888272,1
Investment,2020-04,8.081431670622392,15235500,1.4707421273596528,1
Investment,2020-05,11.465960729689826,54245000,1.5450313397673052,1
Investment,2020-06,11.340551376342773,115366500,-0.6746976499104147,1
Investment,2020-07,13.175550212030826,148620500,1.297666171288962,1
Investment,2020-08,14.756955101376487,86514500,0.6864909741479633,1
Investment,2020-09,23.826604929837313,243585000,1.8153204559051483,1
Investment,2020-10,23.023292194713246,104931500,-0.16482019202960216,1
Investment,2020-11,21.03276452564058,90485000,0.6912360086885551,1
Investment,2020-12,26.23966698024584,190057500,0.8350581604667845,1
Investment,2021-01,27.096375238327752,207720000,-0.3286187615495415,1
Investment,2021-02,23.965104389190675,101725500,-0.8996020644708302,1
Investment,2021-03,20.219930565875508,123407000,-0.7579741933360201,1
Investment,2021-04,17.80399192463268,66450500,-0.2693375537850706,1
Investment,2021-05,18.696452822004044,87636500,0.9962041565781726,1
Investment,2021-06,20.97908661582253,117603000,-0.06363554096409597,1
Investment,2021-07,20.086472251198508,45168500,-0.3698961588978977,1
Investment,2021-08,19.516156109896574,58887000,0.015293018392356911,1
Investment,2021-09,17.710630676963113,53082500,-0.4879873380926698,1
Investment,2021-10,18.106633231753396,47334500,0.5558600190933826,1
Investment,2021-11,17.41065705906261,19113000,-0.8072376046053941,1
Investment,2021-12,13.764555723770805,14637500,-0.19175271441229993,1
Investment,2022-01,14.411653564089821,56457500,-0.3953254595738275,1
Investment,2022-02,12.062477588653564,21414500,-0.9274066957857346,1
Investment,2022-03,10.867674081221871,20658000,0.5673146287886631,1
Investment,2022-04,12.999404907226562,23836000,0.32396274977917405,1
Investment,2022-05,11.964448061856357,6414500,-0.33214457162086164,1
Investment,2022-06,11.76920153877952,10132000,0.07229418464584207,1
Investment,2022-07,11.644990330650693,3912000,-0.24248276083224637,1
Investment,2022-08,11.977349488631539,10164500,0.14668423601774094,1
Investment,2022-09,11.33446268601851,7208500,0.11741997382269362,1
Investment,2022-10,11.576950890677315,6334500,-0.24228869387481267,1
Investment,2022-11,12.636649305170232,27117000,0.5591823061664765,1
Investment,2022-12,10.896882577375932,12760500,-1.3207422370173167,1
Investment,2023-01,9.412438349290328,10371500,0.13994114403171032,1
Investment,2023-02,9.681237983703614,11090500,0.01979963095956221,1
Investment,2023-03,9.769590087558912,6369000,0.4361993236979317,1
Investment,2023-04,10.276499938964843,4402500,0.3674448786168461,1
Investment,2023-05,10.418260864589525,5520000,-0.29340151944485565,1
Investment,2023-06,9.827727274461227,2905000,-0.2798275344315693,1
Investment,2023-07,11.120952333722796,9791000,0.807450575800677,1
Investment,2023-08,11.948261012201725,16886500,-0.4073452651210768,1
Investment,2023-09,11.18238099416097,11490500,0.9941556858895666,1
Investment,2023-10,11.731818155808883,8534000,-0.28205759329574,1
Investment,2023-11,13.828636299480092,17857500,1.2375200928757244,1
Investment,2023-12,15.648571377708798,17402500,-0.06678985712140918,1
Investment,2024-01,16.091304405875828,10370500,0.48947990651307416,1
Investment,2024-02,15.713999891281128,2774500,-0.2799283370843336,1
Investment,2024-03,14.842000102996826,1769000,-0.13146468778436338,1
Investment,2024-04,15.382222228580051,4277000,0.07726752455606836,1
Investment,2024-05,15.981818112460049,8675816,0.33613141868056307,1
Investment,2024-06,17.186470480526197,9848281,1.0177925498822054,1
Investment,2024-07,18.298695854518723,5918763,-0.28702270132483737,1
Investment,2024-08,16.31761905125209,2619419,-0.564556601531556,1
Investment,2024-09,15.612857091994513,4748683,-0.25624009858017593,1
Investment,2024-10,14.463043461675229,7039405,-0.16457344291207052,1
Investment,2024-11,16.151904741923016,51947805,0.9017265873115233,1
Investment,2024-12,18.002857117425826,31816639,0.3738271050116878,1
Investment,2025-01,20.604347809501316,84372113,0.9954997949681059,1
Investment,2025-02,19.73000014455695,12064032,-1.0347649064798323,1
Investment,2025-03,17.840952282860165,5897350,-0.05760219468265464,1
Investment,2025-04,17.560500049591063,9330138,-0.368217848768167,1
Investment,2025-05,16.96952383858817,9587444,0.7193240694211023,1
Investment,2025-06,18.892857142857142,12193971,0.3525852771668582,1
Investment,2025-07,23.958695619002633,39174734,0.8762499071704768,1
Investment,2025-08,24.345499992370605,17574091,-0.08840185402833212,1
Investment,2025-09,26.671363657171074,23563939,1.3097634459088878,1
Investment,2025-10,28.266086744225543,12598763,-0.8019967545651726,1
Investment,2025-11,24.298500061035156,3380931,-0.3559956163237865,1
Investment,2025-12,24.69045456972989,8179833,0.09737163848414193,1
Investment,2026-01,26.34363625266335,14247247,0.5736220074451631,1
Investment,2026-02,27.293750047683716,3241904,-0.5608670933269388,1
Manufacturing,2020-01,24.127359058545984,141096346,-0.2179640545116076,1
Manufacturing,2020-02,21.06565742492676,43465578,-0.9672227014568131,1
Manufacturing,2020-03,19.653075218200684,103948185,-0.5984038799299384,1
Manufacturing,2020-04,18.87948244268244,156461120,1.2787222861934728,1
Manufacturing,2020-05,20.32156889779227,119434736,-0.15265857115803272,1
Manufacturing,2020-06,20.371411496942695,142926400,-0.04152752976988581,1
Manufacturing,2020-07,25.352891424427863,537332558,1.5096791475678262,1
Manufacturing,2020-08,29.89681134905134,359937031,0.4201157011107882,1
Manufacturing,2020-09,32.90035646611994,310704580,-0.21302848904629537,1
Manufacturing,2020-10,29.489551544189453,221236719,-0.07272962539360016,1
Manufacturing,2020-11,28.744883764357795,137235573,0.1416637501296043,1
Manufacturing,2020-12,32.334965415622875,338918022,0.9049511647653069,1
Manufacturing,2021-01,35.58273569742838,234263189,0.18029549875629355,1
Manufacturing,2021-02,35.33506736755371,125395981,-0.40789377689530726,1
Manufacturing,2021-03,29.79188131249469,118771546,-0.5575967194815172,1
Manufacturing,2021-04,29.26415218006481,99351044,-0.32612401057895524,1
Manufacturing,2021-05,27.704151062738326,37902246,0.580559222158636,1
Manufacturing,2021-06,31.08324805173007,96351840,0.12043079181270042,1
Manufacturing,2021-07,30.16256921941584,27859541,-0.3741586436409841,1
Manufacturing,2021-08,28.397934653542258,54085707,0.3009979603161532,1
Manufacturing,2021-09,26.89050180261785,74704520,-0.9477996049042229,1
Manufacturing,2021-10,23.606186912173317,54426449,-0.12427942699563851,1
Manufacturing,2021-11,22.058925195173785,55834003,-0.6400347966247555,1
Manufacturing,2021-12,18.56512268729832,34502839,-0.023587396399433785,1
Manufacturing,2022-01,18.84105464390346,20239755,-0.2516515278763594,1
Manufacturing,2022-02,18.55521717071533,78326891,-0.44372940269851835,1
Manufacturing,2022-03,16.26054626962413,72557157,-0.04382684202297931,1
Manufacturing,2022-04,17.691428638639906,123171500,0.5456494759246832,1
Manufacturing,2022-05,16.486363714391533,155793000,-0.2308721572070627,1
Manufacturing,2022-06,16.088181842457164,100858000,-0.31056842780715077,1
Manufacturing,2022-07,15.417619160243444,51401000,-0.29975951077329405,1
Manufacturing,2022-08,16.55782600071119,118440500,0.4781462446905867,1
Manufacturing,2022-09,16.052727135744963,35545500,-0.12297050169938509,1
Manufacturing,2022-10,16.235238166082475,109483000,-0.16135296753768574,1
Manufacturing,2022-11,15.846818230368875,56627000,0.006070812480658953,1
Manufacturing,2022-12,14.092727227644486,59154500,-0.7512580347233512,1
Manufacturing,2023-01,11.528636455535889,37715000,-0.7445872632964211,1
Manufacturing,2023-02,10.948500061035157,21715500,-0.321186402828047,1
Manufacturing,2023-03,10.843043534652047,61846000,0.4671976607568047,1
Manufacturing,2023-04,10.71749997138977,20664369,-0.32443164759688725,1
Manufacturing,2023-05,10.154782585475756,30330519,-0.43308185437858326,1
Manufacturing,2023-06,9.307272737676447,48454847,-0.2218014790956336,1
Manufacturing,2023-07,11.10952377319336,129196709,1.1839802976492404,1
Manufacturing,2023-08,10.620434802511465,48481137,-0.9837941978803297,1
Manufacturing,2023-09,9.55238083430699,41984767,0.47244740999175233,1
Manufacturing,2023-10,12.062727277929133,163554249,1.4135493832559816,1
Manufacturing,2023-11,15.764090884815563,270090025,1.3163545616657897,1
Manufacturing,2023-12,21.568095343453543,509111099,1.2977021036165663,1
Manufacturing,2024-01,22.61217399265455,196245716,-0.10200509392710591,1
Manufacturing,2024-02,22.397500038146973,163935824,-0.002794114024395311,1
Manufacturing,2024-03,22.466500091552735,150351700,0.24356979077421964,1
Manufacturing,2024-04,22.77388901180691,175873396,0.03484547206204441,1
Manufacturing,2024-05,26.01499990983443,440841205,0.5824162096534312,1
Manufacturing,2024-06,24.86235304439769,104235169,-0.09097341922392632,1
Manufacturing,2024-07,26.25086966804836,284596112,0.20751836353431596,1
Manufacturing,2024-08,25.283809480212984,139140497,-0.24661738994074772,1
Manufacturing,2024-09,25.439999989100865,184697413,0.18204059389446084,1
Manufacturing,2024-10,25.141304181969684,97926116,-0.07727062763974239,1
Manufacturing,2024-11,26.462380817958287,377067044,0.49573035237464114,1
Manufacturing,2024-12,36.244285946800595,841373363,2.443047579405216,1
Manufacturing,2025-01,41.86217366094174,354685311,-0.3985896784233382,1
Manufacturing,2025-02,40.036316319515834,187629987,0.32183642250674466,1
Manufacturing,2025-03,44.43904731387184,270719916,0.6753050802290732,1
Manufacturing,2025-04,44.98050022125244,308911029,-0.6550193061354441,1
Manufacturing,2025-05,43.67428570701962,140184030,0.36315155858998094,1
Manufacturing,2025-06,41.364285423642116,119027222,-0.2783299895697228,1
Manufacturing,2025-07,41.55217378035836,164198339,0.07750094692150826,1
Manufacturing,2025-08,43.219500350952146,241797854,0.7242507479122123,1
Manufacturing,2025-09,54.62636375427246,517099084,0.821270556666827,1
Manufacturing,2025-10,55.24608661817468,583757446,-0.21311330004334433,1
Manufacturing,2025-11,52.93400001525879,209248314,0.01365982051024226,1
Manufacturing,2025-12,54.78454537825151,193769693,0.35825947839232036,1
Manufacturing,2026-01,60.09545482288707,382385857,-0.07048562079536604,1
Manufacturing,2026-02,55.94249963760376,28530778,-0.6528128786242843,1
Oil & Gas,2020-01,91.70357249242178,477303425,-0.10951295155879848,7
Oil & Gas,2020-02,81.9399324962071,328710650,-0.9020254931693272,7
Oil & Gas,2020-03,64.05982477014715,580769627,-1.7864532874843533,7
Oil & Gas,2020-04,59.01997812692221,724772360,1.1815168654902317,7
Oil & Gas,2020-05,65.99655105954125,452904519,0.1595258801088943,7
Oil & Gas,2020-06,66.01723248617989,344657500,-0.06783843910637422,7
Oil & Gas,2020-07,71.53625638736702,814615814,0.33026502183434314,7
Oil & Gas,2020-08,76.99601861084399,1042121435,0.5228491290551444,7
Oil & Gas,2020-09,79.53654285529991,1459872371,-0.03403085457210015,7
Oil & Gas,2020-10,75.7756487734906,1069522463,-0.46776457489188294,7
Oil & Gas,2020-11,72.02720296950568,503898643,-0.09856193998501013,7
Oil & Gas,2020-12,75.59657077315431,698572450,0.18693466097095768,7
Oil & Gas,2021-01,82.22530135329889,600216084,0.14102665713273269,7
Oil & Gas,2021-02,81.26078641755241,551822335,-0.3934124611809366,7
Oil & Gas,2021-03,77.63540505474398,491330442,-0.06866974513390577,7
Oil & Gas,2021-04,75.0389657577911,281046639,-0.2854160084080047,7
Oil & Gas,2021-05,75.02440466199603,610526454,0.6861187926184072,7
Oil & Gas,2021-06,78.3159519666201,1071183579,-0.27108588238414416,7
Oil & Gas,2021-07,76.19210425290194,489960586,-0.14135302867548497,7
Oil & Gas,2021-08,75.43854316798124,331157836,0.09094488566565383,7
Oil & Gas,2021-09,72.37817314073637,258682787,-0.42650229165063824,7
Oil & Gas,2021-10,70.72413546374055,245904021,-0.06108542227053505,7
Oil & Gas,2021-11,71.09241363909338,341070145,0.04642595851591348,7
Oil & Gas,2021-12,69.48627933656206,371835755,-0.07636666510494851,7
Oil & Gas,2022-01,72.24764982210536,262417011,0.04024749426930959,7
Oil & Gas,2022-02,74.17221176624298,201881956,-0.09765569212440729,7
Oil & Gas,2022-03,68.34702863752472,208156951,-0.1867587741484783,7
Oil & Gas,2022-04,68.72502562788878,177624889,0.04629411650392095,7
Oil & Gas,2022-05,67.01829211433213,169505228,-0.15553590708894344,7
Oil & Gas,2022-06,68.00419103789639,271447961,0.21211163956609905,7
Oil & Gas,2022-07,71.34773386578982,232666695,0.16949281327607585,7
Oil & Gas,2022-08,77.50405260198605,584906753,0.5277333916876367,7
Oil & Gas,2022-09,75.34562956203114,364314038,-0.20504432240734433,7
Oil & Gas,2022-10,74.00227345576903,315252402,-0.1749224924351732,7
Oil & Gas,2022-11,77.91813905208141,684720027,0.5186677828569846,7
Oil & Gas,2022-12,75.50587986970876,386766775,-0.1402779526100543,7
Oil & Gas,2023-01,78.36674051470571,715073521,0.40402156682946777,7
Oil & Gas,2023-02,80.10116967133114,704478728,-0.4458488019527226,7
Oil & Gas,2023-03,76.67273055544551,440238659,0.13235434944056843,7
Oil & Gas,2023-04,76.42450204917363,187265330,0.06610564231451366,7
Oil & Gas,2023-05,74.58851072951133,330121912,-0.4237584739667585,7
Oil & Gas,2023-06,74.12279141104067,392584193,0.22799687788906958,7
Oil & Gas,2023-07,79.81800428377528,591515945,0.8586395014734541,7
Oil & Gas,2023-08,83.30263233184814,863489762,-0.6276642716415899,7
Oil & Gas,2023-09,79.48797658998139,300164138,0.4488255235481653,7
Oil & Gas,2023-10,87.49892072553759,676478274,0.4205007470154931,7
Oil & Gas,2023-11,101.23993564580942,972846810,0.6512219023965409,7
Oil & Gas,2023-12,116.01840278080532,1828627682,0.6113856046299787,7
Oil & Gas,2024-01,118.77320705733685,1463555557,0.10416560543280956,7
Oil & Gas,2024-02,112.41111446789333,901848937,0.06623246799275873,7
Oil & Gas,2024-03,116.07950256552014,647611316,-0.14978165864205328,7
Oil & Gas,2024-04,117.87341464511933,545277680,0.2406892536446204,7
Oil & Gas,2024-05,120.22541334721949,639115976,-0.0794431359989522,7
Oil & Gas,2024-06,117.10038026441045,362485419,-0.1814656072351989,7
Oil & Gas,2024-07,121.15174592059591,454557597,-0.033240132931323864,7
Oil & Gas,2024-08,122.51976948368306,552909697,0.2629616740748886,7
Oil & Gas,2024-09,120.22383705126185,493939500,-0.1699990195502647,7
Oil & Gas,2024-10,138.36300901744676,846472183,0.9887534855908352,7
Oil & Gas,2024-11,160.3142668925175,2187196517,1.701883366456461,7
Oil & Gas,2024-12,200.84454761557026,2217479985,1.2669674633300816,7
Oil & Gas,2025-01,201.24873110966652,1123425426,-0.59756227327452,7
Oil & Gas,2025-02,182.83437235552566,660355221,-0.2123574545034989,7
Oil & Gas,2025-03,194.16926189344755,771788708,0.5174942904345033,7
Oil & Gas,2025-04,189.79952702522277,1036882005,-0.556181624283812,7
Oil & Gas,2025-05,186.6560024533953,955055127,0.40745451208715755,7
Oil & Gas,2025-06,192.84626855006834,892937122,0.18414181013288206,7
Oil & Gas,2025-07,204.6427238594671,1044110412,0.18470630712706812,7
Oil & Gas,2025-08,215.79407744407655,975750276,0.07960563687654076,7
Oil & Gas,2025-09,223.4894665371288,1345320601,0.5741026662984551,7
Oil & Gas,2025-10,233.10735579899378,1385509759,-0.06968763202272746,7
Oil & Gas,2025-11,226.64296900885446,1044420655,0.1033537897752402,7
Oil & Gas,2025-12,239.29688358926154,1029071052,0.1884547315569803,7
Oil & Gas,2026-01,259.2503240944503,1751834678,0.5753755491049508,7
Oil & Gas,2026-02,261.10160725457325,368409800,-0.8845830087401004,7
Paper & Board,2020-01,274.594214397928,2961300,-0.21073960874679454,1
Paper & Board,2020-02,250.39894409179686,1260800,-0.4916259550428176,1
Paper & Board,2020-03,201.33951291170987,2072100,-1.7972352546497548,1
Paper & Board,2020-04,193.13415111194956,5573300,1.5334320342664072,1
Paper & Board,2020-05,221.81432160877046,1062800,0.10244785328334367,1
Paper & Board,2020-06,241.65513610839844,2045800,0.5689774706302699,1
Paper & Board,2020-07,272.4966218367867,2006800,0.6404615040660164,1
Paper & Board,2020-08,302.9565836588542,2598300,0.889640240834594,1
Paper & Board,2020-09,370.27584422718394,1248600,0.2362317701877937,1
Paper & Board,2020-10,341.46710898659444,589300,-0.21433164586844053,1
Paper & Board,2020-11,353.8399164109003,715800,0.3649199893627547,1
Paper & Board,2020-12,415.27384882387906,1222700,0.6831835621823377,1
Paper & Board,2021-01,399.2164219447545,407800,-0.6399082454245908,1
Paper & Board,2021-02,377.87386627197264,594600,-0.14103786392393514,1
Paper & Board,2021-03,350.5816172724185,780250,0.03389606580880907,1
Paper & Board,2021-04,361.57440462979406,411800,-0.014384807956407952,1
Paper & Board,2021-05,384.8841392880394,1286800,0.624724853759373,1
Paper & Board,2021-06,421.70791071111506,599650,0.23194220883072106,1
Paper & Board,2021-07,414.1345103870739,296750,-0.13328036235358226,1
Paper & Board,2021-08,407.31152898615056,183850,-0.22987080475808108,1
Paper & Board,2021-09,399.69562045010656,648400,-0.28631166777220085,1
Paper & Board,2021-10,376.05522083100817,102300,0.6512278516933891,1
Paper & Board,2021-11,407.2614468661222,197100,-0.1528226048111279,1
Paper & Board,2021-12,388.0105856190557,501100,-0.1301590385305085,1
Paper & Board,2022-01,388.40182204473587,107200,-0.16092539200280812,1
Paper & Board,2022-02,366.42836303710936,744200,-0.19357996618467935,1
Paper & Board,2022-03,345.4095286493716,324800,-0.17525170160627784,1
Paper & Board,2022-04,335.9771786644345,533100,-0.13181061769776323,1
Paper & Board,2022-05,332.3850569291548,161000,-0.026665062880014287,1
Paper & Board,2022-06,331.2171422784979,178850,0.028798180888352357,1
Paper & Board,2022-07,329.65520949590774,227200,-0.10029228777089835,1
Paper & Board,2022-08,342.5277617081352,403600,0.14540602688328313,1
Paper & Board,2022-09,337.14444247159093,366900,0.06838383221159018,1
Paper & Board,2022-10,338.66819835844495,41800,-0.15277766122979497,1
Paper & Board,2022-11,329.9160849831321,228000,-0.15904390626104362,1
Paper & Board,2022-12,313.631498856978,91000,-0.11643656809145578,1
Paper & Board,2023-01,303.70021057128906,84100,-0.3442588173808911,1
Paper & Board,2023-02,303.00073089599607,46000,0.18859073523571304,1
Paper & Board,2023-03,295.0626685101053,248300,-0.1779546856472853,1
Paper & Board,2023-04,290.1717193603516,212100,0.12558707452168527,1
Paper & Board,2023-05,350.6115045962126,1756700,0.9748012771692701,1
Paper & Board,2023-06,357.7077608975497,50824,-0.06460456323421676,1
Paper & Board,2023-07,352.74267578125,1376177,-0.09461609250115463,1
Paper & Board,2023-08,348.5928610096807,852783,-0.3601742349577176,1
Paper & Board,2023-09,317.51407441638764,73449,0.2205914638268157,1
Paper & Board,2023-10,372.8050426136364,788075,0.7577091400518952,1
Paper & Board,2023-11,423.8732549493963,314068,0.3839730144672734,1
Paper & Board,2023-12,487.8249816894531,5788393,0.6604020102855286,1
Paper & Board,2024-01,483.65301646357,313485,-0.19667877045595933,1
Paper & Board,2024-02,459.74536590576173,216485,0.09291284032424685,1
Paper & Board,2024-03,486.69703063964846,1124899,0.4528198665954136,1
Paper & Board,2024-04,487.36029052734375,556765,-0.6065049182466205,1
Paper & Board,2024-05,463.29366926713425,412528,0.010523774531311975,1
Paper & Board,2024-06,480.7898272346048,419695,0.7206351211639092,1
Paper & Board,2024-07,508.82517408288044,1393849,-0.1917594060666325,1
Paper & Board,2024-08,485.2696998232887,46675,-0.3335886818997277,1
Paper & Board,2024-09,452.4034336635045,176636,0.2243109363116108,1
Paper & Board,2024-10,454.37027773649794,310882,-0.5858961901554496,1
Paper & Board,2024-11,510.1706833612351,950743,1.6750521921358827,1
Paper & Board,2024-12,599.3082740420386,383458,-0.03634592549339629,1
Paper & Board,2025-01,533.7426479173744,295551,-0.5390145350347614,1
Paper & Board,2025-02,517.2953908819901,209514,0.25117729867138483,1
Paper & Board,2025-03,548.7745506649926,397580,0.04503514889366417,1
Paper & Board,2025-04,495.9634841918945,401179,-0.6726162826047843,1
Paper & Board,2025-05,507.67190987723217,281239,0.5376741156342881,1
Paper & Board,2025-06,517.8685738699777,291128,0.3606343946831416,1
Paper & Board,2025-07,596.3404381793479,1182677,0.5066172415271702,1
Paper & Board,2025-08,659.0850006103516,652020,0.4606735184722188,1
Paper & Board,2025-09,699.0986383611506,149170,0.17244282832230612,1
Paper & Board,2025-10,709.2604317043139,190730,0.17960040987649126,1
Paper & Board,2025-11,727.547998046875,205570,0.07041986777741926,1
Paper & Board,2025-12,740.1645452325994,203398,0.15610113602691086,1
Paper & Board,2026-01,805.0413679643111,484965,0.42929273840952825,1
Paper & Board,2026-02,832.9725036621094,144195,-0.17334710629110794,1
Pharma,2020-01,204.15859996408656,29454951,-0.014069060244089894,3
Pharma,2020-02,188.47663358052571,18550857,-0.5418907051893346,3
Pharma,2020-03,181.57440867568508,41824219,-0.1843502251608031,3
Pharma,2020-04,193.95927348281398,35986842,0.9470123247505062,3
Pharma,2020-05,217.30782366555835,47417082,0.3917591020930284,3
Pharma,2020-06,257.12088509761924,80482940,0.3716977668024449,3
Pharma,2020-07,275.6184267790421,98166192,0.39927890800767857,3
Pharma,2020-08,294.87589445568267,63189517,0.33649194039091784,3
Pharma,2020-09,327.77592583858603,56265356,0.019072743796495213,3
Pharma,2020-10,315.6248199000503,32823071,-0.30822108337639076,3
Pharma,2020-11,312.4373333643353,17524068,0.20722650641907586,3
Pharma,2020-12,326.01814844988394,34154656,0.21613806366116076,3
Pharma,2021-01,321.636229742141,39566958,0.0157414845922959,3
Pharma,2021-02,327.33250681559247,29386980,0.05506513180939735,3
Pharma,2021-03,312.4654434867527,19476569,-0.3867273413511807,3
Pharma,2021-04,312.4419742931019,16104293,-0.007902381796328944,3
Pharma,2021-05,326.4780968560113,11013830,0.16679501354850237,3
Pharma,2021-06,337.08217065984553,30441583,0.1884449282433646,3
Pharma,2021-07,332.84221163663,7676745,-0.12890081784558569,3
Pharma,2021-08,328.57521057128906,9535507,-0.04547326892412733,3
Pharma,2021-09,328.80800073797053,13172130,-0.2543487131570462,3
Pharma,2021-10,329.34495750306144,21739420,0.2643521465313745,3
Pharma,2021-11,323.48100477276427,19120550,-0.3303353561970101,3
Pharma,2021-12,300.3425304025844,19113436,-0.1643884267316304,3
Pharma,2022-01,307.41973695300874,6853926,-0.0687275425394201,3
Pharma,2022-02,300.54890429178874,6579875,-0.15526835832635125,3
Pharma,2022-03,288.8217452781788,9542481,-0.02712063314504892,3
Pharma,2022-04,290.63110000368147,11671685,-0.13922947910526584,3
Pharma,2022-05,278.85986617117214,9955644,-0.30139260012194236,3
Pharma,2022-06,277.3542072411739,17502570,0.15886964800648504,3
Pharma,2022-07,272.38346693250867,5757555,-0.3178139819181249,3
Pharma,2022-08,265.27439957770747,21082750,0.08794526672168426,3
Pharma,2022-09,256.0817920800411,8516747,-0.16911127946648336,3
Pharma,2022-10,254.10445743136935,13293965,-0.18962419499456692,3
Pharma,2022-11,244.7052679350882,9600620,-0.15971216040000696,3
Pharma,2022-12,212.5719565189246,27499684,-0.8373952406302486,3
Pharma,2023-01,175.18389094959605,21279491,-0.6208142718034335,3
Pharma,2023-02,176.7475980758667,45811962,0.1425000915934227,3
Pharma,2023-03,176.25990195896316,34078803,0.07285095639344799,3
Pharma,2023-04,173.63431104024252,14688807,-0.06101523498634188,3
Pharma,2023-05,172.58011019057122,28072387,-0.3119233963437631,3
Pharma,2023-06,163.61416053771973,16157627,-0.3345950921225487,3
Pharma,2023-07,173.4749358040946,64050882,0.5268203138951716,3
Pharma,2023-08,168.49680610325026,70301203,-0.65390574552336,3
Pharma,2023-09,151.17700564672077,30308319,0.03940907164982483,3
Pharma,2023-10,160.57592224352288,69648218,0.4542880794224292,3
Pharma,2023-11,186.9587516784668,226084836,1.016804339481933,3
Pharma,2023-12,202.9006988888695,201345397,-0.18450590238571807,3
Pharma,2024-01,189.35748020116833,119988132,-0.3544046057420001,3
Pharma,2024-02,190.20374647776285,96725275,0.6091976261873353,3
Pharma,2024-03,196.5370949427287,81076382,0.013277328566860072,3
Pharma,2024-04,224.9999409428349,167098233,0.6980640556485724,3
Pharma,2024-05,275.9098509008234,233348580,0.782196714038166,3
Pharma,2024-06,293.67248183605716,83831104,0.41209738092398424,3
Pharma,2024-07,318.6896676878998,117684497,-0.033078251841311815,3
Pharma,2024-08,309.06239016093906,83460034,0.23915064927153706,3
Pharma,2024-09,327.0434776185051,36957791,0.4059784694077389,3
Pharma,2024-10,359.58469551197,217541682,0.9435903278143384,3
Pharma,2024-11,455.57296983022536,240661450,1.486834793092888,3
Pharma,2024-12,551.1379946754092,208198152,0.5783847393006174,3
Pharma,2025-01,578.3159226127293,187037227,0.18623759075049495,3
Pharma,2025-02,549.7851645486396,72535654,-0.7654785632712031,3
Pharma,2025-03,512.8636688959031,80800829,0.38496832051720503,3
Pharma,2025-04,518.9881106058757,106294715,-0.6488778321935913,3
Pharma,2025-05,463.72458018953836,89772659,0.22303402012586607,3
Pharma,2025-06,474.1931696089487,72053518,0.09774391232833972,3
Pharma,2025-07,522.6108677076256,187603423,0.40837601582942745,3
Pharma,2025-08,557.9789582570394,214969475,0.32347649785737403,3
Pharma,2025-09,576.5386115565444,149284389,0.2024140178626103,3
Pharma,2025-10,580.1073694643767,234127465,-0.1772506160575346,3
Pharma,2025-11,527.57566502889,85713768,-0.21724952001502984,3
Pharma,2025-12,512.6081830804998,202049640,0.18418065001314074,3
Pharma,2026-01,579.8289367213393,163612474,0.2818785205058025,3
Pharma,2026-02,571.8287471135458,31703232,-0.05843147733497894,3
Power,2020-01,14.378232251042904,509353000,-0.2726494868121269,4
Power,2020-02,13.460744768381119,142121000,-0.6776337715959944,4
Power,2020-03,10.549684543501247,432924192,-0.9979182390411779,4
Power,2020-04,10.52490565722639,292681534,0.6852131160434279,4
Power,2020-05,10.87816743339811,168006827,-0.03295623827022339,4
Power,2020-06,10.507713133638555,174292225,-0.026658071279284365,4
Power,2020-07,10.968700471131697,537538415,0.48163791513005544,4
Power,2020-08,12.295005341370901,598620585,0.4955461024253238,4
Power,2020-09,12.407951750538565,916635932,-0.16406538584749258,4
Power,2020-10,11.628024212338708,430367144,-0.06976713387092874,4
Power,2020-11,11.80295179855256,290813720,-0.052242920963588416,4
Power,2020-12,12.19331603464873,470849715,0.3023720155888369,4
Power,2021-01,14.307496777602605,1462649132,1.0830381925553265,4
Power,2021-02,14.546617549657821,689981297,-0.37400270024219595,4
Power,2021-03,13.809670194335606,499740539,-0.14783082983931842,4
Power,2021-04,13.251355195587331,187085884,-0.2472167250033037,4
Power,2021-05,13.27108568520773,475867111,0.4524015843921614,4
Power,2021-06,14.016640148379587,1214251212,0.09715369334257798,4
Power,2021-07,13.912331304766916,299109122,-0.141194028407783,4
Power,2021-08,13.45120882987976,182916123,-0.07883905002360671,4
Power,2021-09,13.393133875998585,224022876,-0.144386512800224,4
Power,2021-10,12.931727406524477,120702813,-0.26086444190153246,4
Power,2021-11,12.956770845434882,171014179,0.1847307155511273,4
Power,2021-12,12.979818919430608,188638887,0.2505242545872803,4
Power,2022-01,14.472684448673611,187799430,0.3295131684767041,4
Power,2022-02,15.240452787280082,232568052,-0.2313391875351159,4
Power,2022-03,14.161019117935844,248736636,0.16646706110613244,4
Power,2022-04,14.710723593121482,191727770,-0.2660259559199377,4
Power,2022-05,13.557914010503076,152141514,-0.17973532872037132,4
Power,2022-06,13.574909283356233,312524256,0.1657765583853773,4
Power,2022-07,13.96360559974398,142238098,0.007141458151937478,4
Power,2022-08,14.96493666327518,780349304,0.7147636828056821,4
Power,2022-09,14.889870884743603,393556840,-0.1544369281542253,4
Power,2022-10,16.818124444711778,394946690,0.2403059572285309,4
Power,2022-11,17.44990944049575,204925093,0.0844057463303748,4
Power,2022-12,16.508730519901622,291789934,-0.1070542322420545,4
Power,2023-01,16.1800827302716,278523123,-0.07123606697404715,4
Power,2023-02,17.466850543022154,274006050,-0.0047034311353147396,4
Power,2023-03,18.21374368408452,160338435,0.03905716328368809,4
Power,2023-04,18.342340010404588,102909903,0.021580167385746855,4
Power,2023-05,18.85869737682135,158154658,-0.11776583558444545,4
Power,2023-06,18.382677029479634,166183957,0.002130949410009388,4
Power,2023-07,21.484241007339385,496387853,1.085540741682213,4
Power,2023-08,23.126799495323844,572375967,-0.4033848327625348,4
Power,2023-09,22.576315313577652,271260404,0.5517169750430089,4
Power,2023-10,25.978091691027988,1185537624,0.9683186468077026,4
Power,2023-11,32.782055578448556,720377020,0.5977064445813149,4
Power,2023-12,35.28914162374678,3488239951,0.7884704057330978,4
Power,2024-01,35.20569973924886,2500012279,-0.1876667165901057,4
Power,2024-02,33.67786757349968,785584025,0.1677642581806325,4
Power,2024-03,35.60126698613167,427396037,0.05882041188129918,4
Power,2024-04,38.277344577842285,587474769,0.15440004554076936,4
Power,2024-05,41.87456652793017,1119502674,0.6559382179293436,4
Power,2024-06,44.62102235064787,596599577,0.10100860598794396,4
Power,2024-07,46.370772506879725,539823700,-0.37669987918379555,4
Power,2024-08,43.696249598548526,417148729,0.21075953528869448,4
Power,2024-09,43.600679874420166,536560618,-0.552545669132181,4
Power,2024-10,36.390255205009296,1400075594,0.3471120134140294,4
Power,2024-11,38.849983396984285,1537524266,0.7566700903718284,4
Power,2024-12,43.45153306211744,1544283974,0.28930698523775544,4
Power,2025-01,44.422841341599174,695208333,-0.2517698248139206,4
Power,2025-02,44.391035757566755,623062195,-0.06441122776805341,4
Power,2025-03,46.69064605803717,281997419,0.32576986811050024,4
Power,2025-04,47.60532323122025,500524843,-0.37970317461717407,4
Power,2025-05,46.417147999718075,1365796986,0.5449830277885118,4
Power,2025-06,47.350599039168586,852716727,0.008865256477891815,4
Power,2025-07,49.456305488296174,584474766,0.0923534988678231,4
Power,2025-08,53.966662156581876,520371025,0.3939697276297781,4
Power,2025-09,63.69967488267205,2668709688,0.6503092825704254,4
Power,2025-10,68.64868865324104,5166091817,-0.38728686168851134,4
Power,2025-11,68.8816323697567,1274982694,0.23822178252833695,4
Power,2025-12,76.95749980211258,1303919715,1.081759378323243,4
Power,2026-01,84.94227290153503,2678792589,0.7948380650450697,4
Power,2026-02,88.70125064253807,2281617353,-0.03176833450291952,4
Steel,2020-01,36.09294543058976,43866500,-0.11865858444684575,1
Steel,2020-02,31.879492855072023,35140500,-0.6264945462134358,1
Steel,2020-03,28.67785575173118,52905500,-1.3130889006665087,1
Steel,2020-04,28.73356602408669,39777000,1.9760785486278587,1
Steel,2020-05,33.86528214954195,13757500,-0.21458629388720793,1
Steel,2020-06,32.9877892407504,20185500,-0.03482720442856591,1
Steel,2020-07,38.721504543138586,103048000,1.1506867066562,1
Steel,2020-08,46.58094878423782,93345500,0.6008301458529666,1
Steel,2020-09,51.312115235762164,64835500,0.12845924796493896,1
Steel,2020-10,46.237049622969195,46255500,-0.3928369927374018,1
Steel,2020-11,45.77208655221121,35422500,0.4137886676514385,1
Steel,2020-12,55.76065162990404,101905000,0.9124925829061928,1
Steel,2021-01,59.05769566127232,75881478,0.2545865664065508,1
Steel,2021-02,59.10040493011475,55264014,-0.3364279685243282,1
Steel,2021-03,56.820930315100625,44509966,-0.08489288384069596,1
Steel,2021-04,57.58713045987216,49321298,-0.2994398955135344,1
Steel,2021-05,55.33850569952102,23795258,0.606765782065403,1
Steel,2021-06,62.38003730773926,47521165,0.1863259406372931,1
Steel,2021-07,60.10323420437899,12093923,-0.1274613863677564,1
Steel,2021-08,63.23458966341886,39787023,0.3344083502350598,1
Steel,2021-09,60.68313061107289,19760906,-0.7405582376421129,1
Steel,2021-10,54.35220918201265,17835175,0.37036895091226246,1
Steel,2021-11,54.08322594382546,26138788,-0.6396861192749792,1
Steel,2021-12,45.894954017970875,20816004,-0.22605891496287603,1
Steel,2022-01,50.61009161812918,18651939,0.17318970151947166,1
Steel,2022-02,48.36027240753174,16773764,-0.35405165293318164,1
Steel,2022-03,43.71564997797427,12152142,0.2824534575749242,1
Steel,2022-04,46.381981259300595,22818450,-0.19161435007508457,1
Steel,2022-05,44.29983087019487,9786288,0.013056767180475408,1
Steel,2022-06,42.37282024730336,8739073,-0.1360074176338817,1
Steel,2022-07,41.30557468959263,7206256,-0.36751009690919706,1
Steel,2022-08,43.64741831240447,20780073,0.4750852256935659,1
Steel,2022-09,43.89358017661355,7392586,-0.059739379822634525,1
Steel,2022-10,43.05128297351656,6462782,-0.3236128419616587,1
Steel,2022-11,40.23252435164018,6048629,-0.3976358950569894,1
Steel,2022-12,35.693593285300516,9595697,-0.11405641090453487,1
Steel,2023-01,32.97342586517334,10456246,-0.490911237573375,1
Steel,2023-02,33.30331192016602,7664851,0.04272036894149953,1
Steel,2023-03,34.80552673339844,17209944,0.22442704047683007,1
Steel,2023-04,33.76358757019043,8119503,0.007879476311932754,1
Steel,2023-05,34.355344025985055,18822763,0.12794385794580804,1
Steel,2023-06,34.3626731525768,6473577,0.009905964613383101,1
Steel,2023-07,40.25144667852493,15769640,0.8920814727482322,1
Steel,2023-08,39.76578024159307,17746841,-0.4912219398269338,1
Steel,2023-09,37.891553243001304,5554460,0.2351231857396692,1
Steel,2023-10,47.0435756336559,19077683,1.4031963015501483,1
Steel,2023-11,57.556970076127485,31742472,0.7539646517460283,1
Steel,2023-12,67.05140885852632,28598896,0.44561988399800206,1
Steel,2024-01,65.68215992139733,14491311,-0.14564166743141177,1
Steel,2024-02,63.77040271759033,6906760,-0.14255191651046828,1
Steel,2024-03,63.28543338775635,4003695,0.005005424868009256,1
Steel,2024-04,66.52844683329265,13930941,0.18725055836764465,1
Steel,2024-05,74.06216812133789,34110154,1.257492281130923,1
Steel,2024-06,79.94156736486099,22343845,-0.20486687477369753,1
Steel,2024-07,80.96680715809698,24884155,-0.05184230964642395,1
Steel,2024-08,73.2679457891555,14049122,-0.7288299309143447,1
Steel,2024-09,67.8284045628139,5553348,-0.37160564376708266,1
Steel,2024-10,67.19116542650306,17030596,0.372911742910826,1
Steel,2024-11,72.31273360479446,17700111,0.5007636776707374,1
Steel,2024-12,85.47200738816034,52759428,1.2657455940461435,1
Steel,2025-01,92.34074070142663,22100124,-0.5267065216724472,1
Steel,2025-02,80.37774377120168,5673746,-0.20991868789286858,1
Steel,2025-03,79.70277186802456,4385017,-0.18780383106871718,1
Steel,2025-04,74.1961280822754,4922017,-0.6875917674945325,1
Steel,2025-05,75.93490782238189,8861563,1.1087618314952086,1
Steel,2025-06,86.45401327950614,14586765,0.5476804796172645,1
Steel,2025-07,94.895007589589,16456488,0.24293792460415276,1
Steel,2025-08,100.87157020568847,13396037,0.6887848740912422,1
Steel,2025-09,123.29789976640181,16463282,0.7008070502274331,1
Steel,2025-10,108.7156521341075,6208359,-0.9686785639990138,1
Steel,2025-11,91.2064998626709,5640429,-0.39956890854502214,1
Steel,2025-12,105.97090911865234,10825915,0.6714280513001799,1
Steel,2026-01,108.97318198464133,28400944,0.06995995284570561,1
Steel,2026-02,102.49874877929688,1448168,-0.8646723562131335,1
Technology,2020-01,26.24852496255999,514603395,0.2568105669773254,4
Technology,2020-02,27.352957719564436,241040369,-0.6474900779833905,4
Technology,2020-03,22.560384509915654,262256555,-1.3755407997659648,4
Technology,2020-04,22.26980799775232,176183645,1.1395107430006117,4
Technology,2020-05,26.961880493731726,304895462,1.233360775850913,4
Technology,2020-06,31.580150283195756,284081053,0.02964545033304923,4
Technology,2020-07,37.67523753643036,667811295,1.2587422672742967,4
Technology,2020-08,43.56687367246265,745941350,0.6789734843764145,4
Technology,2020-09,55.5097149732438,706075571,0.6203782308963602,4
Technology,2020-10,52.53434786335988,541252654,-0.051092766581976985,4
Technology,2020-11,59.05755539025579,554989160,0.8569569852069566,4
Technology,2020-12,73.75111082325812,1104707880,1.3687284306110499,4
Technology,2021-01,87.45047540040244,772657915,0.85432648009855,4
Technology,2021-02,99.88589691221713,1419259029,1.5448091778835646,4
Technology,2021-03,102.5690544999164,1142928739,0.007539613497144807,4
Technology,2021-04,108.3976242759011,1272985535,0.9491074591332438,4
Technology,2021-05,112.51399537495205,801846531,0.8767033926655778,4
Technology,2021-06,124.48780954967846,610423084,-0.0601716126044813,4
Technology,2021-07,135.5631297826767,456304610,0.3907825984085164,4
Technology,2021-08,144.02448930523613,706319180,0.554676160392919,4
Technology,2021-09,161.66393184661865,1002592528,-0.04009985393437459,4
Technology,2021-10,143.75341232617697,618210027,-0.5606001093581316,4
Technology,2021-11,146.31189490448344,667518551,-0.19783217303930264,4
Technology,2021-12,138.35169435584027,634639649,0.2245275061808302,4
Technology,2022-01,141.91756975083123,778145139,0.038636540548165045,4
Technology,2022-02,127.95707910060882,453140228,-0.8723201413075863,4
Technology,2022-03,122.43384512611057,478205732,0.2755175237094716,4
Technology,2022-04,138.308951434635,547993192,0.16322332112303137,4
Technology,2022-05,122.68522159619765,340021752,-0.21963495167392322,4
Technology,2022-06,118.90355376763777,257410848,-0.15304642787737138,4
Technology,2022-07,121.8356463000888,165296157,0.2836425585726757,4
Technology,2022-08,135.57636872581813,434573599,0.23361588165420924,4
Technology,2022-09,141.9893856156956,426686219,0.18805120787001847,4
Technology,2022-10,156.79559204691932,519782310,0.03888920498431446,4
Technology,2022-11,168.3957459493117,282578670,0.5102450387338774,4
Technology,2022-12,170.36199947920713,175099470,-0.8876887525401539,4
Technology,2023-01,161.3297160592946,213246307,-0.151540449396197,4
Technology,2023-02,162.80299080610274,177322466,-0.07817058940539634,4
Technology,2023-03,161.17990552342457,324614898,0.3161750645195917,4
Technology,2023-04,159.12861062884332,134880477,0.14025834965963938,4
Technology,2023-05,144.28424227756003,149608910,-0.6567790627330572,4
Technology,2023-06,137.32191218029368,136453199,-0.09398292089923908,4
Technology,2023-07,150.96152066616784,421514836,0.8669221430092116,4
Technology,2023-08,150.34140042118403,268177438,-0.6451255418471837,4
Technology,2023-09,141.9126560574486,79977582,0.07732538894929755,4
Technology,2023-10,137.31642616878855,244703868,-0.20477798447230447,4
Technology,2023-11,144.2152423262596,494716559,0.7540978713717003,4
Technology,2023-12,149.25274735405333,552274162,-0.197192798760085,4
Technology,2024-01,138.98664550159288,192318759,-0.48811555336237317,4
Technology,2024-02,130.1634277880192,213975143,0.38516741147004846,4
Technology,2024-03,132.70025680065154,379455778,0.023063121165956307,4
Technology,2024-04,127.91249563819484,311073740,0.08199936063257773,4
Technology,2024-05,133.14891982078552,238806284,0.0938648106144297,4
Technology,2024-06,139.07463756729575,157225809,-0.36427941468446556,4
Technology,2024-07,140.963078778723,237679345,0.04382143022425166,4
Technology,2024-08,136.41097409952255,256348451,-0.10365653707003314,4
Technology,2024-09,131.61335483051482,226381287,-0.27304482291525994,4
Technology,2024-10,134.2521612385045,247641706,0.3057004665881756,4
Technology,2024-11,161.05271498929886,559449332,0.5487533304239242,4
Technology,2024-12,180.91244463693528,912326537,0.8394689651259759,4
Technology,2025-01,178.0818985545117,459342273,-0.31555933862648766,4
Technology,2025-02,170.6142076693083,197218894,-0.432602680219561,4
Technology,2025-03,165.95045322463625,188027887,0.10291574947488875,4
Technology,2025-04,141.87513561844827,222959552,3.6073707821254652,4
Technology,2025-05,122.34797692298889,285582425,-0.9378224895818027,4
Technology,2025-06,55.415594890004115,260419368,-0.09523675184548824,4
Technology,2025-07,58.5182610180067,421062971,0.25745531783311965,4
Technology,2025-08,62.85312509536743,371768618,0.12475150966267501,4
Technology,2025-09,67.22409070621838,840487965,0.6265753942427534,4
Technology,2025-10,72.19195659264274,1300510770,0.16367766771246786,4
Technology,2025-11,68.89174996614456,628514212,-0.08795227781476901,4
Technology,2025-12,72.71011352539062,512299914,0.1879217016611115,4
Technology,2026-01,72.95715845714916,681419219,-0.1707320777070964,4
Technology,2026-02,70.51437482237816,140503350,-0.3143837515081127,4
