symbol,company_name,sector,date_min,date_max,date_count,close_mean,close_min,close_max,close_std,volume_mean,volume_sum,daily_return_mean,daily_return_std
ABL,Allied Bank Limited,Banking,2020-01-01,2026-02-12,1578,71.9494927772551,32.85103988647461,208.55999755859375,45.65035697798253,98755.96007604562,155836905,0.1061220246852598,1.7024773509897408
ABOT,Abbott Laboratories Pakistan Limited,Pharma,2020-01-01,2026-02-12,1578,674.8034723859626,263.796630859375,1299.4599609375,256.81546559187717,27815.624207858047,43893055,0.08958761801514294,1.9120612344201187
AICL,Adamjee Insurance Company Limited,Insurance,2020-01-01,2026-02-12,1578,33.29559125404696,15.465327262878418,121.05000305175781,17.66420070215078,515590.80988593155,813602298,0.11146138467358477,2.276833725359042
APL,Attock Petroleum Limited,Oil & Gas,2020-01-01,2026-02-12,1578,290.2262445118642,111.24732208251953,635.0399780273438,129.18716687240422,70797.25602027883,111718070,0.08851480798087775,1.772760751199591
AVN,Avanceon Limited,Technology,2020-01-01,2026-02-12,1582,51.6320123473552,9.177069664001465,92.57431030273438,14.744178337254812,3292059.030973451,5208037387,0.08548535087932932,2.785458228787826
BAFL,Bank Alfalah Limited,Banking,2020-01-01,2026-02-12,1578,36.53380183605489,11.549320220947266,135.6199951171875,29.266088230732382,1927956.8637515842,3042315931,0.14223737384126303,1.9556749429645017
CHCC,Cherat Cement Company Limited,Cement,2020-01-01,2026-02-12,1578,157.48454434790085,40.10413360595703,368.5899963378906,78.61397125826521,614935.1425855514,970367655,0.15294776884826466,2.6143349705097343
DAWH,Dawood Hercules Corporation Limited,Chemicals,2020-01-01,2026-02-12,1578,112.57009425000093,54.706268310546875,298.0199890136719,56.57244345363607,534909.5272496832,844087234,0.09469158858760468,2.0318845448154423
DGKC,DG Khan Cement Company Limited,Cement,2020-01-01,2026-02-12,1578,95.26345059838434,39.11911392211914,269.1918640136719,49.245801557897856,3699884.5316856783,5838417791,0.1005227632831306,2.5080788320780583
EFOODS,English Biscuit Manufacturers Limited,Food,2020-01-02,2026-02-12,1521,74.79996421507987,42.798927307128906,120.13870239257812,13.06424058888326,492286.71794871794,748768098,0.03492821328661786,2.4724558053886097
ENGRO,Engro Corporation Limited,Chemicals,2020-01-01,2025-01-13,1302,210.34238560994467,121.06963348388672,485.3800048828125,69.13991033499036,612368.906298003,797304316,0.08957780178932338,1.6375732319732075
FCCL,Fauji Cement Company Limited,Cement,2020-01-01,2026-02-12,1578,22.132820782703742,9.791940689086914,61.04999923706055,13.6058572937676,6579988.742078581,10383222235,0.11598773997551787,2.3256761571185414
FFBL,Fauji Fertilizer Bin Qasim Limited,Fertilizer,2020-01-01,2024-12-30,1292,23.61550868184943,9.866264343261719,96.26000213623047,13.315076228118148,3556495.302631579,4594991931,0.15916977383395062,2.5294222407741076
FFC,Fauji Fertilizer Company Limited,Fertilizer,2020-01-01,2026-02-12,1578,145.83106705746573,40.510772705078125,673.1599731445312,148.53157026678835,1309163.5031685678,2065860008,0.1686644502468851,1.5097523188673383
FHAM,Fauji Meat Limited,Food,2020-01-01,2026-02-12,1581,9.257684856031153,2.191668748855591,36.810001373291016,9.218299451782062,35044.47628083491,55405317,0.20421502984769252,3.2501594898987043
FLYNG,Flying Cement Company Limited,Cement,2020-01-01,2026-02-12,1578,15.831019608542341,4.75969123840332,59.9900016784668,15.104321507274587,2099499.352978454,3313009979,0.15968420017589183,3.396744128661441
GLAXO,GlaxoSmithKline Pakistan Limited,Pharma,2020-01-01,2026-02-12,1578,178.89653186290437,65.7646484375,461.4894714355469,114.00519310144594,172293.24904942967,271878747,0.08878555858197215,2.0336848503211065
HASCOL,Hascol Petroleum Limited,Oil & Gas,2020-01-01,2026-02-12,1578,9.77634347784504,3.6700000762939453,29.649999618530273,4.976991206277675,12586333.019645121,19861233505,0.05579169626652359,3.7472941635178136
HBL,Habib Bank Limited,Banking,2020-01-01,2026-02-12,1578,107.90912144447007,45.65901184082031,363.8299865722656,66.38098216038341,2118423.3935361216,3342872115,0.09194455788256,1.963860377948118
HUBC,Hub Power Company Limited,Power,2020-01-01,2026-02-12,1578,73.50939283020445,21.37036895751953,244.2100067138672,54.88495813496341,4032383.4588086186,6363101098,0.13779050133900095,1.9773762692035757
INDU,Indus Motor Company Limited,Automobile,2020-01-01,2026-02-12,1578,1117.2601141210444,448.5406188964844,2262.51220703125,489.6229822359403,20356.64702154626,32122789,0.07967806749200047,1.541895559406868
ISL,International Steels Limited,Steel,2020-01-01,2026-02-12,1578,58.507409720668626,19.07988166809082,127.94000244140625,22.318151514736133,1143185.2807351078,1803946373,0.09283707716252218,2.520041419938834
JSCL,Jahangir Siddiqui & Company Limited,Investment,2020-01-01,2026-02-12,1578,16.20772623894937,5.9475178718566895,31.040000915527344,5.418256751392691,1767367.1108998733,2788905301,0.10448814385197999,3.1736305276930716
KAPCO,Kot Addu Power Company Limited,Power,2020-01-01,2026-02-12,1578,16.076907102448253,3.5643668174743652,39.959999084472656,8.945216757197384,2285888.7230671737,3607132405,0.11144384592925102,1.9616642164292506
KEL,K-Electric Limited,Power,2020-01-01,2026-02-12,1578,3.827712293813437,1.5700000524520874,9.420000076293945,1.196959436201953,26991627.87008872,42592788779,0.08214355038850346,3.1223977883667775
LUCK,Lucky Cement Limited,Cement,2020-01-01,2026-02-12,1578,639.7227955903995,282.4460754394531,1560.9639892578125,230.8264786145319,727589.5126742712,1148136251,0.27675725991445316,10.558154226010029
MCB,MCB Bank Limited,Banking,2020-01-01,2026-02-12,1578,140.39460240449893,58.14504623413086,447.0799865722656,94.9601146827306,593172.7053231939,936026529,0.11000284461951412,1.5756649938896223
MEBL,Meezan Bank Limited,Banking,2020-01-01,2026-02-12,1578,136.86235786844117,24.257884979248047,514.0599975585938,116.10384875686121,1315450.1077313055,2075780270,0.17440923677801498,1.849726817476115
MLCF,Maple Leaf Cement Factory Limited,Cement,2020-01-01,2026-02-12,1578,43.07764259188499,16.739999771118164,130.3800048828125,23.05907567946251,7510132.238910013,11850988673,0.13059616868530655,2.556582620438566
MTL,Millat Tractors Limited,Automobile,2020-01-01,2026-02-12,1578,352.4160701814562,81.18368530273438,663.4532470703125,157.46202013914456,138233.32699619772,218132190,0.11292602796011025,1.7326632174997232
NATF,National Foods Limited,Food,2020-01-01,2026-02-12,1578,157.82633949927654,79.0549087524414,431.32000732421875,77.99380695018313,149003.88466413182,235128130,0.10017661426657676,1.9063933492481016
NCPL,Nishat Chunian Power Limited,Power,2020-01-01,2026-02-12,1578,15.580052679482522,4.629801273345947,86.9800033569336,11.307131617350626,1467054.5855513308,2315012136,0.17155975626421774,2.7232801376057547
NESTLE,Nestle Pakistan Limited,Food,2020-01-01,2026-02-12,1580,5911.312588694126,4284.9189453125,9476.67578125,1189.6111912647912,278.573417721519,440146,0.029635729477067278,1.6656604725974145
OGDC,Oil & Gas Development Company Limited,Oil & Gas,2020-01-01,2026-02-12,1578,108.82927042691578,47.305416107177734,333.8999938964844,67.84636631592703,4970720.520278834,7843796981,0.09994257282655955,2.1821634578670657
PAEL,Pakistan Aluminium Beverage Cans Limited,Manufacturing,2020-01-01,2026-02-12,1578,26.25166938513404,8.789999961853027,63.040000915527344,12.532843445371036,8142659.183776933,12849116192,0.088488622476688,2.831360116955383
PIOC,Pioneer Cement Limited,Cement,2020-01-01,2026-02-12,1578,115.63613988298579,19.91957664489746,421.3699951171875,77.4104356387621,1386137.7655259822,2187325394,0.20590700464341066,2.93250959909504
PKGS,Packages Limited,Paper & Board,2020-01-01,2026-02-12,1578,417.0677080045635,151.80136108398438,849.9400024414062,131.91837301782343,35336.90430925222,55761635,0.08761659683274152,1.9632919442364967
PPL,Pakistan Petroleum Limited,Oil & Gas,2020-01-01,2026-02-12,1578,97.6946569232433,44.467491149902344,281.5199890136719,49.3482508143924,4904616.868187579,7739485418,0.07570574944393274,2.3532288429375274
PSMC,Pak Suzuki Motor Company Limited,Automobile,2020-01-02,2024-04-24,1079,234.31476798777894,82.37999725341797,898.5700073242188,136.2525706475027,361432.62465245597,389985802,0.1372157897878408,2.9791984349012965
PSO,Pakistan State Oil Company Limited,Oil & Gas,2020-01-01,2026-02-12,1578,196.049161270393,87.02085876464844,503.2099914550781,107.27889636714757,2199375.4448669204,3470614452,0.09540058449104497,2.2204944322981035
SAZEW,Sazgar Engineering Works Limited,Automobile,2020-01-01,2026-02-12,1578,429.39815167087414,40.297813415527344,2455.81005859375,559.6346521126915,660467.2775665399,1042217364,0.25413746046883684,3.034676602191554
SEARL,The Searle Company Limited,Pharma,2020-01-01,2026-02-12,1578,92.4948026949613,34.540000915527344,162.5113525390625,34.06564963198782,3175051.434727503,5010231164,0.03746435936803605,2.5302460539693703
SNGP,Sui Northern Gas Pipelines Limited,Oil & Gas,2020-01-01,2026-02-12,1578,48.43518141527744,14.745923042297363,136.8068389892578,33.81944339714842,3374549.399873257,5325038953,0.10609244111507252,2.5570250420106304
SSGC,Sui Southern Gas Company Limited,Oil & Gas,2020-01-01,2026-02-12,1578,16.866733161215546,8.238804817199707,48.80210876464844,11.063238463449794,4658071.854879594,7350437387,0.06572179757972135,2.8680441334314026
SYS,Systems Limited,Technology,2020-01-01,2026-02-12,1578,317.98231754617245,41.778167724609375,630.048583984375,151.37223719531107,764402.2484157161,1206226748,0.3220190935985266,10.597645713219363
TELE,Telecard Limited,Technology,2020-01-01,2026-02-12,1578,8.236969777084273,0.8504980206489563,21.58139419555664,4.302918026847079,8849197.842205323,13964034195,0.21258491061602394,4.180952360688121
TRG,TRG Pakistan Limited,Technology,2020-01-01,2026-02-12,1578,83.33838048362007,11.254778861999512,177.2890625,37.463903727507095,9081399.901140684,14330449044,0.12012167477657455,3.3138086092940915
UBL,United Bank Limited,Banking,2020-01-01,2026-02-12,1579,165.9699922070011,55.282527923583984,523.4557495117188,124.68851233186722,1279350.8195060166,2020094944,0.2222327221465267,5.382414228882281
UNITY,Unity Foods Limited,Food,2020-01-01,2026-02-12,1578,24.03139019405283,7.162015914916992,49.36000061035156,7.914027863563794,8839564.507604564,13948832793,0.0510346468815347,2.7463899538780066
